metric,mean,std,ci_lower,ci_upper
accuracy,0.97992277823295,0.01660131373291226,0.9393144007828967,1.0
f1,0.9739336082389416,0.02187708123482554,0.9285577440852885,1.0
